{"train/loss": 0.2277, "train/grad_norm": 8.708850860595703, "train/learning_rate": 0.0, "train/epoch": 1.0, "train/global_step": 8, "_timestamp": 1728238079.094677, "_runtime": 2522.2089269161224, "_step": 19, "eval/loss": 0.6435909271240234, "eval/accuracy": 0.7741935483870968, "eval/runtime": 19.0384, "eval/samples_per_second": 1.628, "eval/steps_per_second": 0.053, "train_runtime": 215.8947, "train_samples_per_second": 1.144, "train_steps_per_second": 0.037, "total_flos": 1.9141893838319616e+16, "train_loss": 0.22765523195266724, "epoch_accuracy": 0.9473684210526315, "epoch_loss": 0.22765523864654824, "precision": 0.9498242260969197, "recall": 0.9473684210526315, "f1": 0.9471056007303291, "train_accuracy": 0.9473684210526315, "_wandb": {"runtime": 2571}}