{"epoch": 1, "train_loss": 2.2705587446689606, "train_accuracy": 0.16321331541985273, "learning_rate": 0.0002, "_timestamp": 1728161390.3604374, "_runtime": 97.05317640304565, "_step": 0, "_wandb": {"runtime": 172}}