{"train/loss": 0.5676, "train/grad_norm": 8.233673095703125, "train/learning_rate": 0.0, "train/epoch": 1.0, "train/global_step": 8, "_timestamp": 1728235319.1947446, "_runtime": 4340.28688454628, "_step": 19, "eval/loss": 0.7707076072692871, "eval/accuracy": 0.7096774193548387, "eval/runtime": 20.6859, "eval/samples_per_second": 1.499, "eval/steps_per_second": 0.048, "train_runtime": 220.0783, "train_samples_per_second": 1.122, "train_steps_per_second": 0.036, "total_flos": 1.9141893838319616e+16, "train_loss": 0.5675957202911377, "_wandb": {"runtime": 1342}}