{"train_loss": 0.799167833830181, "train_runtime": 1512.7373, "train_samples_per_second": 0.804, "train_steps_per_second": 0.025, "train/train_accuracy": 0.852796052631579, "train/epoch": 1.0, "train/global_step": 38, "_timestamp": 1728244563.3614008, "_runtime": 1601.7687947750092, "_step": 4, "train/loss": 0.7992, "train/grad_norm": 9.247466087341309, "train/learning_rate": 0.00018981120221801047, "eval/loss": 0.3450116813182831, "eval/accuracy": 0.8758169934640523, "eval/runtime": 73.4928, "eval/samples_per_second": 2.082, "eval/steps_per_second": 0.272, "total_flos": 9.423279303937229e+16, "_wandb": {"runtime": 1601}}