{"train_loss": 0.0, "train_runtime": 0.1601, "train_samples_per_second": 95017.424, "train_steps_per_second": 5997.155, "train/train_accuracy": 0.9927679158448389, "train/epoch": 10.0, "train/global_step": 960, "_timestamp": 1728038242.2807126, "_runtime": 15364.414923667908, "_step": 34, "train/loss": 0.1193, "train/grad_norm": 25.830032348632812, "train/learning_rate": 0.00014822530864197532, "eval/loss": 0.005126550327986479, "eval/accuracy": 1.0, "eval/runtime": 11.0814, "eval/samples_per_second": 2.797, "eval/steps_per_second": 0.18, "total_flos": 2.9242671876827136e+17, "_wandb": {"runtime": 12703}}