{"epoch_accuracy": 0.291497975708502, "epoch_loss": 2.009399861097336, "precision": 0.3008005082573233, "recall": 0.291497975708502, "f1": 0.2754890496540363, "train_accuracy": 0.291497975708502, "train_loss": 1.0924663543701172, "_timestamp": 1728240731.6639683, "_runtime": 2590.018594264984, "_step": 8, "train/loss": 1.0925, "train/grad_norm": 17.819007873535156, "train/learning_rate": 4.9519367986526286e-06, "train/epoch": 1.0, "train/global_step": 8, "eval/loss": 0.9108431339263916, "eval/accuracy": 0.8387096774193549, "eval/runtime": 15.4226, "eval/samples_per_second": 2.01, "eval/steps_per_second": 0.065, "train_runtime": 323.9119, "train_samples_per_second": 0.763, "train_steps_per_second": 0.025, "total_flos": 1.9141893838319616e+16, "train/train_accuracy": 0.8178137651821862, "_wandb": {"runtime": 669}}