{"train_loss": 1.0617796182632446, "train_runtime": 162.3255, "train_samples_per_second": 1.904, "train_steps_per_second": 0.123, "train/train_accuracy": 0.6245954692556634, "train/epoch": 2.0, "train/global_step": 40, "_timestamp": 1728212931.5147035, "_runtime": 14883.101347446442, "_step": 6, "train/loss": 0.752, "train/grad_norm": Infinity, "train/learning_rate": 0.0001979166666666667, "eval/loss": 0.3026478886604309, "eval/accuracy": 0.9051094890510949, "eval/runtime": 107.2667, "eval/samples_per_second": 2.554, "eval/steps_per_second": 0.168}