{"train_loss": 0.4719424498708625, "train_runtime": 1411.4032, "train_samples_per_second": 0.862, "train_steps_per_second": 0.027, "train/train_accuracy": 0.9654605263157895, "train/epoch": 1.0, "train/global_step": 38, "_timestamp": 1728229237.550039, "_runtime": 1564.3508491516113, "_step": 4, "train/loss": 0.4719, "train/grad_norm": 3.810654640197754, "train/learning_rate": 0.0, "eval/loss": 0.07903312146663666, "eval/accuracy": 0.9803921568627451, "eval/runtime": 67.6423, "eval/samples_per_second": 2.262, "eval/steps_per_second": 0.074, "total_flos": 9.423279303937229e+16}